2026/10/02 20:06:55.585, Tesla T4, 15360, 0, 0
2026/10/02 20:06:56.636, Tesla T4, 15360, 0, 0
2026/10/02 20:06:57.682, Tesla T4, 15360, 0, 0
2026/10/02 20:06:58.709, Tesla T4, 15360, 0, 0
2026/10/02 20:06:59.760, Tesla T4, 15360, 0, 0
2026/10/02 20:07:00.831, Tesla T4, 15360, 0, 0
2026/10/02 20:07:01.881, Tesla T4, 15360, 0, 0
2026/10/02 20:07:02.931, Tesla T4, 15360, 0, 0
2026/10/02 20:07:03.993, Tesla T4, 15360, 0, 0
2026/10/02 20:07:05.055, Tesla T4, 15360, 0, 0
2026/10/02 20:07:06.122, Tesla T4, 15360, 0, 0
2026/10/02 20:07:07.211, Tesla T4, 15360, 0, 0
2026/10/02 20:07:08.270, Tesla T4, 15360, 0, 0
2026/10/02 20:07:09.404, Tesla T4, 15360, 0, 0
2026/10/02 20:07:10.480, Tesla T4, 15360, 0, 0
2026/10/02 20:07:11.568, Tesla T4, 15360, 0, 0
2026/10/02 20:07:12.607, Tesla T4, 15360, 0, 0
2026/10/02 20:07:13.637, Tesla T4, 15360, 0, 0
2026/10/02 20:07:14.666, Tesla T4, 15360, 0, 0
2026/10/02 20:07:15.698, Tesla T4, 15360, 0, 0
2026/10/02 20:07:16.727, Tesla T4, 15360, 0, 0
2026/10/02 20:07:17.758, Tesla T4, 15360, 0, 0
2026/10/02 20:07:18.786, Tesla T4, 15360, 0, 0
2026/10/02 20:07:19.816, Tesla T4, 15360, 0, 0
2026/10/02 20:07:20.848, Tesla T4, 15360, 0, 0
2026/10/02 20:07:21.893, Tesla T4, 15360, 0, 0
2026/10/02 20:07:22.945, Tesla T4, 15360, 0, 0
2026/10/02 20:07:23.995, Tesla T4, 15360, 0, 0
2026/10/02 20:07:25.031, Tesla T4, 15360, 0, 0
2026/10/02 20:07:26.061, Tesla T4, 15360, 0, 0
2026/10/02 20:07:27.090, Tesla T4, 15360, 0, 0
2026/10/02 20:07:28.120, Tesla T4, 15360, 0, 0
2026/10/02 20:07:29.150, Tesla T4, 15360, 0, 0
2026/10/02 20:07:30.181, Tesla T4, 15360, 0, 0
2026/10/02 20:07:31.211, Tesla T4, 15360, 0, 0
2026/10/02 20:07:32.242, Tesla T4, 15360, 0, 0
2026/10/02 20:07:33.272, Tesla T4, 15360, 3, 0
2026/10/02 20:07:34.302, Tesla T4, 15360, 3, 0
2026/10/02 20:07:35.346, Tesla T4, 15360, 3, 0
2026/10/02 20:07:36.426, Tesla T4, 15360, 3, 0
2026/10/02 20:07:37.485, Tesla T4, 15360, 3, 0
2026/10/02 20:07:38.555, Tesla T4, 15360, 3, 0
2026/10/02 20:07:39.608, Tesla T4, 15360, 3, 0
2026/10/02 20:07:40.663, Tesla T4, 15360, 3, 0
2026/10/02 20:07:41.704, Tesla T4, 15360, 3, 0
2026/10/02 20:07:42.734, Tesla T4, 15360, 0, 0
2026/10/02 20:07:43.764, Tesla T4, 15360, 0, 0
2026/10/02 20:07:44.793, Tesla T4, 15360, 0, 0
2026/10/02 20:07:45.824, Tesla T4, 15360, 0, 0
2026/10/02 20:07:46.861, Tesla T4, 15360, 0, 0
2026/10/02 20:07:47.896, Tesla T4, 15360, 0, 0
2026/10/02 20:07:48.943, Tesla T4, 15360, 0, 0
2026/10/02 20:07:49.998, Tesla T4, 15360, 0, 0
2026/10/02 20:07:51.035, Tesla T4, 15360, 0, 0
2026/10/02 20:07:52.065, Tesla T4, 15360, 0, 0
2026/10/02 20:07:53.098, Tesla T4, 15360, 0, 0
2026/10/02 20:07:54.131, Tesla T4, 15360, 0, 0
2026/10/02 20:07:55.161, Tesla T4, 15360, 0, 0
2026/10/02 20:07:56.191, Tesla T4, 15360, 0, 0
2026/10/02 20:07:57.220, Tesla T4, 15360, 0, 0
2026/10/02 20:07:58.252, Tesla T4, 15360, 0, 0
2026/10/02 20:07:59.281, Tesla T4, 15360, 0, 0
2026/10/02 20:08:00.310, Tesla T4, 15360, 0, 0
2026/10/02 20:08:01.353, Tesla T4, 15360, 0, 0
2026/10/02 20:08:02.429, Tesla T4, 15360, 0, 0
2026/10/02 20:08:03.508, Tesla T4, 15360, 3, 0
2026/10/02 20:08:04.575, Tesla T4, 15360, 3, 0
2026/10/02 20:08:05.631, Tesla T4, 15360, 3, 0
2026/10/02 20:08:06.685, Tesla T4, 15360, 3, 0
2026/10/02 20:08:07.750, Tesla T4, 15360, 3, 0
2026/10/02 20:08:08.818, Tesla T4, 15360, 3, 0
2026/10/02 20:08:09.861, Tesla T4, 15360, 3, 0
2026/10/02 20:08:10.895, Tesla T4, 15360, 3, 0
2026/10/02 20:08:11.923, Tesla T4, 15360, 3, 0
2026/10/02 20:08:12.952, Tesla T4, 15360, 3, 0
2026/10/02 20:08:13.987, Tesla T4, 15360, 3, 0
2026/10/02 20:08:15.077, Tesla T4, 15360, 3, 0
2026/10/02 20:08:16.155, Tesla T4, 15360, 3, 0
2026/10/02 20:08:17.217, Tesla T4, 15360, 3, 0
2026/10/02 20:08:18.250, Tesla T4, 15360, 3, 0
2026/10/02 20:08:19.280, Tesla T4, 15360, 3, 0
2026/10/02 20:08:20.312, Tesla T4, 15360, 3, 0
2026/10/02 20:08:21.349, Tesla T4, 15360, 3, 0
2026/10/02 20:08:22.384, Tesla T4, 15360, 157, 3
2026/10/02 20:08:23.413, Tesla T4, 15360, 601, 16
2026/10/02 20:08:24.437, Tesla T4, 15360, 605, 0
2026/10/02 20:08:25.465, Tesla T4, 15360, 605, 0
2026/10/02 20:08:26.493, Tesla T4, 15360, 607, 0
2026/10/02 20:08:27.519, Tesla T4, 15360, 607, 0
2026/10/02 20:08:28.547, Tesla T4, 15360, 607, 0
2026/10/02 20:08:29.619, Tesla T4, 15360, 607, 0
2026/10/02 20:08:30.679, Tesla T4, 15360, 609, 0
2026/10/02 20:08:31.716, Tesla T4, 15360, 609, 0
2026/10/02 20:08:32.787, Tesla T4, 15360, 609, 0
2026/10/02 20:08:33.831, Tesla T4, 15360, 611, 0
2026/10/02 20:08:34.875, Tesla T4, 15360, 821, 0
2026/10/02 20:08:35.934, Tesla T4, 15360, 821, 0
2026/10/02 20:08:36.988, Tesla T4, 15360, 821, 0
2026/10/02 20:08:38.026, Tesla T4, 15360, 825, 0
2026/10/02 20:08:39.058, Tesla T4, 15360, 3747, 0
2026/10/02 20:08:40.086, Tesla T4, 15360, 3749, 3
2026/10/02 20:08:41.120, Tesla T4, 15360, 3757, 2
2026/10/02 20:08:42.180, Tesla T4, 15360, 3763, 3
2026/10/02 20:08:43.214, Tesla T4, 15360, 3769, 1
2026/10/02 20:08:44.244, Tesla T4, 15360, 3775, 3
2026/10/02 20:08:45.270, Tesla T4, 15360, 3781, 2
2026/10/02 20:08:46.296, Tesla T4, 15360, 3789, 4
2026/10/02 20:08:47.331, Tesla T4, 15360, 3801, 6
2026/10/02 20:08:48.368, Tesla T4, 15360, 3801, 0
2026/10/02 20:08:49.394, Tesla T4, 15360, 3801, 0
2026/10/02 20:08:50.423, Tesla T4, 15360, 4365, 42
2026/10/02 20:08:51.451, Tesla T4, 15360, 4977, 64
2026/10/02 20:08:52.492, Tesla T4, 15360, 4977, 0
2026/10/02 20:08:53.542, Tesla T4, 15360, 4977, 0
2026/10/02 20:08:54.602, Tesla T4, 15360, 4977, 0
2026/10/02 20:08:55.708, Tesla T4, 15360, 4971, 0
